name,url
VAPE IT STORE II,https://jportal.mdcourts.gov/license/pbLicenseDetail.jsp?owi=0y3p%2Bj3MEJ8%3D
VAPE IT STORE I,https://jportal.mdcourts.gov/license/pbLicenseDetail.jsp?owi=Dv7aMGXSqRc%3D
VAPEPAD THE,https://jportal.mdcourts.gov/license/pbLicenseDetail.jsp?owi=BfXmqbb2TWc%3D
VAPE FROG,no url
VAPE FROG,no url
VAPE LOFT THE,https://jportal.mdcourts.gov/license/pbLicenseDetail.jsp?owi=o%2F5dX4wyWwA%3D
VAPE N CIGAR,https://jportal.mdcourts.gov/license/pbLicenseDetail.jsp?owi=d7MdvE7EomM%3D
VAPE DOJO,https://jportal.mdcourts.gov/license/pbLicenseDetail.jsp?owi=s916KUmgWnk%3D
VAPE HAVEN,no url
VAPORS LOUNGE,no url
VAPORFI SOUTHSIDE,https://jportal.mdcourts.gov/license/pbLicenseDetail.jsp?owi=PFPirBK4N7I%3D
VAPE DO JO,https://jportal.mdcourts.gov/license/pbLicenseDetail.jsp?owi=1krSJXGg20Y%3D
VAPERTETMD,no url
VAPERTEKMD,https://jportal.mdcourts.gov/license/pbLicenseDetail.jsp?owi=lPVCpyb2aE8%3D
VAPORIOT,no url
VAPE PLUS,https://jportal.mdcourts.gov/license/pbLicenseDetail.jsp?owi=vCIqc0hHZBY%3D
VAPE SOCIAL,https://jportal.mdcourts.gov/license/pbLicenseDetail.jsp?owi=L4twmK9gdvQ%3D
VAPE JUNGLE,https://jportal.mdcourts.gov/license/pbLicenseDetail.jsp?owi=7xC6rwaDRfI%3D
VAPE TIME,no url
VAPEBAR EXPESS,no url
VAPEWERKS,https://jportal.mdcourts.gov/license/pbLicenseDetail.jsp?owi=6BtzZWBuDLk%3D
VAPIST MD,https://jportal.mdcourts.gov/license/pbLicenseDetail.jsp?owi=hxZ%2FnhHRW%2F4%3D
VAPOR 99,no url
VAPOR ALLEY,https://jportal.mdcourts.gov/license/pbLicenseDetail.jsp?owi=IUy9wkKn9QM%3D
VAPOR EMPORIUM,https://jportal.mdcourts.gov/license/pbLicenseDetail.jsp?owi=RPI%2FP0vdw8E%3D
VAPOR VILLA,https://jportal.mdcourts.gov/license/pbLicenseDetail.jsp?owi=gloZl9Hrc68%3D
VAPOR VILLA,https://jportal.mdcourts.gov/license/pbLicenseDetail.jsp?owi=AAjiDAeRQEA%3D
VAPORS LOUNGE,https://jportal.mdcourts.gov/license/pbLicenseDetail.jsp?owi=foVqWrs%2Fj18%3D
VAPE DOJO,https://jportal.mdcourts.gov/license/pbLicenseDetail.jsp?owi=m%2FXpDk4OfTQ%3D
VAPE DOJO,https://jportal.mdcourts.gov/license/pbLicenseDetail.jsp?owi=Z9Far%2BySjNs%3D
VAPE DOJO,https://jportal.mdcourts.gov/license/pbLicenseDetail.jsp?owi=EpmsTJ8m1xI%3D
VAPE DOJO,https://jportal.mdcourts.gov/license/pbLicenseDetail.jsp?owi=dp3nohsheV8%3D
VAPEZ YARDHOUSE,no url
VAPERS RING,https://jportal.mdcourts.gov/license/pbLicenseDetail.jsp?owi=GNTIlEaGYfA%3D
